"2719";"0";"169";"135";"1"
"5092";"0";"373";"249";"1"
"7152";"0";"655";"529";"1"
"7155";"0";"655";"555";"1"
"7438";"0";"561";"199";"1"
"15586";"0";"897";"594";"1"
"20638";"3209308";NULL;"101";"1"
"20639";"3209308";NULL;"122";"1"
"20640";"3209308";NULL;"129";"1"
"20641";"3209308";NULL;"135";"1"
"20642";"3209308";NULL;"149";"1"
"20643";"3209308";NULL;"177";"1"
"20644";"3209308";NULL;"178";"1"
"20645";"3209308";NULL;"185";"1"
"20646";"3209308";NULL;"186";"1"
"20647";"3209308";NULL;"187";"1"
"20648";"3209308";NULL;"192";"1"
"20649";"3209308";NULL;"194";"1"
"20650";"3209308";NULL;"199";"1"
"20651";"3209308";NULL;"230";"1"
"20652";"3209308";NULL;"232";"1"
"20653";"3209308";NULL;"240";"1"
"20654";"3209308";NULL;"241";"1"
"20655";"3209308";NULL;"249";"1"
"20656";"3209308";NULL;"251";"1"
"20657";"3209308";NULL;"252";"1"
"20658";"3209308";NULL;"254";"1"
"20659";"3209308";NULL;"256";"1"
"20660";"3209308";NULL;"258";"1"
"20661";"3209308";NULL;"275";"1"
"20662";"3209308";NULL;"277";"1"
"20663";"3209308";NULL;"278";"1"
"20664";"3209308";NULL;"283";"1"
"20665";"3209308";NULL;"284";"1"
"20666";"3209308";NULL;"286";"1"
"20667";"3209308";NULL;"288";"1"
"20668";"3209308";NULL;"290";"1"
"20669";"3209308";NULL;"293";"1"
"20670";"3209308";NULL;"294";"1"
"20671";"3209308";NULL;"297";"1"
"20672";"3209308";NULL;"304";"1"
"20673";"3209308";NULL;"307";"1"
"20674";"3209308";NULL;"308";"1"
"20675";"3209308";NULL;"313";"1"
"20676";"3209308";NULL;"323";"1"
"20677";"3209308";NULL;"327";"1"
"20678";"3209308";NULL;"328";"1"
"20679";"3209308";NULL;"330";"1"
"20680";"3209308";NULL;"331";"1"
"20681";"3209308";NULL;"332";"1"
"20682";"3209308";NULL;"335";"1"
"20683";"3209308";NULL;"336";"1"
"20684";"3209308";NULL;"337";"1"
"20685";"3209308";NULL;"338";"1"
"20686";"3209308";NULL;"339";"1"
"20687";"3209308";NULL;"340";"1"
"20688";"3209308";NULL;"341";"1"
"20689";"3209308";NULL;"343";"1"
"20690";"3209308";NULL;"352";"1"
"20691";"3209308";NULL;"353";"1"
"20692";"3209308";NULL;"354";"1"
"20693";"3209308";NULL;"355";"1"
"20694";"3209308";NULL;"356";"1"
"20695";"3209308";NULL;"36";"1"
"20696";"3209308";NULL;"362";"1"
"20697";"3209308";NULL;"364";"1"
"20698";"3209308";NULL;"365";"1"
"20699";"3209308";NULL;"370";"1"
"20700";"3209308";NULL;"371";"1"
"20701";"3209308";NULL;"372";"1"
"20702";"3209308";NULL;"373";"1"
"20703";"3209308";NULL;"376";"1"
"20704";"3209308";NULL;"377";"1"
"20705";"3209308";NULL;"378";"1"
"20706";"3209308";NULL;"379";"1"
"20707";"3209308";NULL;"386";"1"
"20708";"3209308";NULL;"392";"1"
"20709";"3209308";NULL;"393";"1"
"20710";"3209308";NULL;"394";"1"
"20711";"3209308";NULL;"395";"1"
"20712";"3209308";NULL;"41";"1"
"20713";"3209308";NULL;"421";"1"
"20714";"3209308";NULL;"422";"1"
"20715";"3209308";NULL;"423";"1"
"20716";"3209308";NULL;"425";"1"
"20717";"3209308";NULL;"426";"1"
"20718";"3209308";NULL;"427";"1"
"20719";"3209308";NULL;"430";"1"
"20720";"3209308";NULL;"431";"1"
"20721";"3209308";NULL;"432";"1"
"20722";"3209308";NULL;"433";"1"
"20723";"3209308";NULL;"434";"1"
"20724";"3209308";NULL;"435";"1"
"20725";"3209308";NULL;"436";"1"
"20726";"3209308";NULL;"44";"1"
"20727";"3209308";NULL;"449";"1"
"20728";"3209308";NULL;"453";"1"
"20729";"3209308";NULL;"458";"1"
"20730";"3209308";NULL;"459";"1"
"20731";"3209308";NULL;"460";"1"
"20732";"3209308";NULL;"461";"1"
"20733";"3209308";NULL;"462";"1"
"20734";"3209308";NULL;"468";"1"
"20735";"3209374";NULL;"482";"1"
"20736";"3209378";NULL;"484";"1"
"20737";"3209378";NULL;"485";"1"
"20738";"3209378";NULL;"486";"1"
"20739";"3209378";NULL;"487";"1"
"20740";"3209378";NULL;"497";"1"
"20741";"3209378";NULL;"498";"1"
"20742";"3209378";NULL;"50";"1"
"20743";"3209378";NULL;"501";"1"
"20744";"3209378";NULL;"51";"1"
"20745";"3209378";NULL;"510";"1"
"20746";"3209378";NULL;"517";"1"
"20747";"3209378";NULL;"521";"1"
"20748";"3209378";NULL;"522";"1"
"20749";"3209378";NULL;"523";"1"
"20750";"3209378";NULL;"525";"1"
"20751";"3209378";NULL;"526";"1"
"20752";"3209378";NULL;"527";"1"
"20753";"3209378";NULL;"528";"1"
"20754";"3209378";NULL;"531";"1"
"20755";"3209378";NULL;"533";"1"
"20756";"3209378";NULL;"534";"1"
"20757";"3209378";NULL;"535";"1"
"20758";"3209378";NULL;"537";"1"
"20759";"3209378";NULL;"538";"1"
"20760";"3209378";NULL;"54";"1"
"20761";"3209378";NULL;"542";"1"
"20762";"3209378";NULL;"544";"1"
"20763";"3209378";NULL;"546";"1"
"20764";"3209378";NULL;"548";"1"
"20765";"3209378";NULL;"549";"1"
"20766";"3209378";NULL;"55";"1"
"20767";"3209378";NULL;"550";"1"
"20768";"3209378";NULL;"551";"1"
"20769";"3209378";NULL;"552";"1"
"20770";"3209378";NULL;"555";"1"
"20771";"3209378";NULL;"556";"1"
"20772";"3209378";NULL;"557";"1"
"20773";"3209378";NULL;"558";"1"
"20774";"3209378";NULL;"559";"1"
"20775";"3209378";NULL;"56";"1"
"20776";"3209378";NULL;"560";"1"
"20777";"3209378";NULL;"561";"1"
"20778";"3209378";NULL;"562";"1"
"20779";"3209378";NULL;"564";"1"
"20780";"3209378";NULL;"566";"1"
"20781";"3209378";NULL;"567";"1"
"20782";"3209378";NULL;"568";"1"
"20783";"3209378";NULL;"569";"1"
"20784";"3209378";NULL;"57";"1"
"20785";"3209378";NULL;"571";"1"
"20786";"3209378";NULL;"572";"1"
"20787";"3209378";NULL;"574";"1"
"20788";"3209378";NULL;"575";"1"
"20789";"3209378";NULL;"576";"1"
"20790";"3209378";NULL;"577";"1"
"20791";"3209378";NULL;"578";"1"
"20792";"3209378";NULL;"579";"1"
"20793";"3209378";NULL;"580";"1"
"20794";"3209378";NULL;"581";"1"
"20795";"3209378";NULL;"582";"1"
"20796";"3209378";NULL;"584";"1"
"20797";"3209378";NULL;"586";"1"
"20798";"3209378";NULL;"588";"1"
"20799";"3209378";NULL;"590";"1"
"20800";"3209378";NULL;"591";"1"
"20801";"3209378";NULL;"593";"1"
"20802";"3209378";NULL;"599";"1"
"20803";"3209378";NULL;"600";"1"
"20804";"3209378";NULL;"601";"1"
"20805";"3209378";NULL;"604";"1"
"20806";"3209378";NULL;"607";"1"
"20807";"3209378";NULL;"608";"1"
"20808";"3209378";NULL;"612";"1"
"20809";"3209378";NULL;"613";"1"
"20810";"3209378";NULL;"614";"1"
"20811";"3209378";NULL;"616";"1"
"20812";"3209378";NULL;"621";"1"
"20813";"3209378";NULL;"622";"1"
"20814";"3209378";NULL;"623";"1"
"20815";"3209378";NULL;"624";"1"
"20816";"3209378";NULL;"625";"1"
"20817";"3209378";NULL;"627";"1"
"20818";"3209378";NULL;"628";"1"
"20819";"3209378";NULL;"629";"1"
"20820";"3209378";NULL;"630";"1"
"20821";"3209378";NULL;"631";"1"
"20822";"3209378";NULL;"632";"1"
"20823";"3209378";NULL;"633";"1"
"20824";"3209378";NULL;"634";"1"
"20825";"3209378";NULL;"635";"1"
"20826";"3209378";NULL;"636";"1"
"20827";"3209378";NULL;"638";"1"
"20828";"3209378";NULL;"641";"1"
"20829";"3209378";NULL;"642";"1"
"20830";"3209378";NULL;"643";"1"
"20831";"3209378";NULL;"644";"1"
"20832";"3209378";NULL;"645";"1"
"20833";"3209378";NULL;"647";"1"
"20834";"3209378";NULL;"648";"1"
"20835";"3209378";NULL;"649";"1"
"20836";"3209378";NULL;"650";"1"
"20837";"3209378";NULL;"651";"1"
"20838";"3209378";NULL;"653";"1"
"20839";"3209378";NULL;"654";"1"
"20840";"3209378";NULL;"655";"1"
"20841";"3209378";NULL;"71";"1"
"20842";"3209378";NULL;"72";"1"
"20843";"3209378";NULL;"74";"1"
"20844";"3209378";NULL;"86";"1"
"20845";"3209378";NULL;"88";"1"
"20846";"3209378";NULL;"89";"1"
"20847";"3209378";NULL;"90";"1"
"20848";"3209378";NULL;"91";"1"
"20849";"3209378";NULL;"99";"1"
"20850";"3213772";NULL;"227";"1"
"20851";"3214323";NULL;"398";"1"
"20852";"3215966";NULL;"101";"1"
"20853";"3215966";NULL;"235";"1"
"20854";"3215966";NULL;"313";"1"
"20855";"3215966";NULL;"322";"1"
"20856";"3215966";NULL;"326";"1"
"20857";"3215966";NULL;"456";"1"
"20858";"3215966";NULL;"473";"1"
"20859";"3215966";NULL;"526";"1"
"20860";"3215966";NULL;"532";"1"
"20861";"3215966";NULL;"542";"1"
"20862";"3215966";NULL;"548";"1"
"20863";"3215966";NULL;"627";"1"
"20864";"3215966";NULL;"631";"1"
"20865";"3215966";NULL;"641";"1"
"20866";"3215966";NULL;"642";"1"
"20867";"3215966";NULL;"643";"1"
"20868";"3215966";NULL;"644";"1"
"20869";"3215966";NULL;"659";"1"
"20870";"3215966";NULL;"660";"1"
"20871";"3215966";NULL;"661";"1"
"20872";"3215966";NULL;"662";"1"
"20873";"3215966";NULL;"663";"1"
"20874";"3215966";NULL;"664";"1"
"20875";"3215966";NULL;"665";"1"
"20876";"3215966";NULL;"666";"1"
"20877";"3215966";NULL;"667";"1"
"20878";"3215966";NULL;"668";"1"
"20879";"3215966";NULL;"669";"1"
"20880";"3215966";NULL;"670";"1"
"20881";"3215966";NULL;"671";"1"
"20882";"3215966";NULL;"672";"1"
"20883";"3215966";NULL;"673";"1"
"20884";"3215966";NULL;"674";"1"
"20885";"3215966";NULL;"675";"1"
"20886";"3215966";NULL;"676";"1"
"20887";"3215966";NULL;"677";"1"
"20888";"3215966";NULL;"678";"1"
"20889";"3215966";NULL;"679";"1"
"20890";"3215966";NULL;"680";"1"
"20891";"3215966";NULL;"681";"1"
"20892";"3215966";NULL;"682";"1"
"20893";"3215966";NULL;"683";"1"
"20894";"3215966";NULL;"684";"1"
"20895";"3215966";NULL;"685";"1"
"20896";"3215966";NULL;"686";"1"
"20897";"3215966";NULL;"687";"1"
"20898";"3215966";NULL;"688";"1"
"20899";"3215966";NULL;"689";"1"
"20900";"3215966";NULL;"690";"1"
"20901";"3215966";NULL;"691";"1"
"20902";"3215966";NULL;"692";"1"
"20903";"3215966";NULL;"693";"1"
"20904";"3216806";NULL;"590";"1"
"20905";"3216806";NULL;"613";"1"
"20906";"3216806";NULL;"666";"1"
"20907";"3216806";NULL;"672";"1"
"20908";"3216806";NULL;"673";"1"
"20909";"3216828";NULL;"656";"1"
"20910";"3216828";NULL;"657";"1"
"20911";"3216828";NULL;"139";"1"
"20912";"3216828";NULL;"214";"1"
"20913";"3216840";NULL;"587";"1"
"20914";"3219361";NULL;"36";"1"
"20915";"3219361";NULL;"552";"1"
"20916";"3219361";NULL;"551";"1"
"20917";"3219361";NULL;"550";"1"
"20918";"3219361";NULL;"549";"1"
"20919";"3219361";NULL;"538";"1"
"20920";"3219361";NULL;"537";"1"
"20921";"3219361";NULL;"364";"1"
"20922";"3219361";NULL;"276";"1"
"20923";"3219361";NULL;"57";"1"
"20924";"3219361";NULL;"56";"1"
"20925";"3219361";NULL;"53";"1"
"20926";"3219361";NULL;"277";"1"
"20927";"3219361";NULL;"278";"1"
"20928";"3219361";NULL;"283";"1"
"20929";"3219361";NULL;"54";"1"
"20930";"3219361";NULL;"55";"1"
"20931";"3219444";NULL;"249";"1"
"20932";"3219444";NULL;"655";"1"
"20933";"3219444";NULL;"654";"1"
"20934";"3219444";NULL;"651";"1"
"20935";"3219444";NULL;"648";"1"
"20936";"3219444";NULL;"645";"1"
"20937";"3219444";NULL;"616";"1"
"20938";"3219444";NULL;"612";"1"
"20939";"3219444";NULL;"435";"1"
"20940";"3219444";NULL;"307";"1"
"20941";"3219444";NULL;"693";"1"
"20942";"3219444";NULL;"692";"1"
"20943";"3219444";NULL;"672";"1"
"20944";"3219444";NULL;"667";"1"
"20945";"3219444";NULL;"666";"1"
"20946";"3219444";NULL;"614";"1"
"20947";"3219444";NULL;"379";"1"
"20948";"3219444";NULL;"378";"1"
"20949";"3219444";NULL;"591";"1"
"20950";"3219444";NULL;"497";"1"
"20951";"3220213";NULL;"590";"1"
"20952";"3220214";NULL;"649";"1"
"20953";"3220213";NULL;"673";"1"
"20954";"3220215";NULL;"590";"1"
"20955";"3220214";NULL;"666";"1"
"20956";"3220213";NULL;"671";"1"
"20957";"3220217";NULL;"252";"1"
"20958";"3220218";NULL;"474";"1"
"20959";"3220215";NULL;"613";"1"
"20960";"3220215";NULL;"666";"1"
"20961";"3220218";NULL;"601";"1"
"20962";"3220214";NULL;"658";"1"
"20963";"3220213";NULL;"670";"1"
"20964";"3220213";NULL;"665";"1"
"20965";"3220221";NULL;"590";"1"
"20966";"3220217";NULL;"692";"1"
"20967";"3220218";NULL;"607";"1"
"20968";"3220217";NULL;"688";"1"
"20969";"3220215";NULL;"672";"1"
"20970";"3220213";NULL;"656";"1"
"20971";"3220221";NULL;"613";"1"
"20972";"3220214";NULL;"656";"1"
"20973";"3220218";NULL;"652";"1"
"20974";"3220221";NULL;"666";"1"
"20975";"3220221";NULL;"672";"1"
"20976";"3220215";NULL;"673";"1"
"20977";"3220221";NULL;"673";"1"
"20978";"3220217";NULL;"674";"1"
"20979";"3220214";NULL;"648";"1"
"20980";"3220218";NULL;"254";"1"
"20981";"3220213";NULL;"652";"1"
"20982";"3220213";NULL;"601";"1"
"20983";"3220217";NULL;"673";"1"
"20984";"3220214";NULL;"647";"1"
"20985";"3220218";NULL;"452";"1"
"20986";"3220218";NULL;"565";"1"
"20987";"3220213";NULL;"559";"1"
"20988";"3220214";NULL;"646";"1"
"20989";"3220217";NULL;"672";"1"
"20990";"3220217";NULL;"671";"1"
"20991";"3220218";NULL;"199";"1"
"20992";"3220213";NULL;"487";"1"
"20993";"3220214";NULL;"645";"1"
"20994";"3220214";NULL;"587";"1"
"20995";"3220217";NULL;"670";"1"
"20996";"3220217";NULL;"669";"1"
"20997";"3220214";NULL;"575";"1"
"20998";"3220213";NULL;"474";"1"
"20999";"3220213";NULL;"452";"1"
"21000";"3220213";NULL;"433";"1"
"21001";"3220217";NULL;"668";"1"
"21002";"3220217";NULL;"667";"1"
"21003";"3220214";NULL;"192";"1"
"21004";"3220214";NULL;"185";"1"
"21005";"3220213";NULL;"307";"1"
"21006";"3220213";NULL;"252";"1"
"21007";"3220214";NULL;"376";"1"
"21008";"3220217";NULL;"666";"1"
"21009";"3220217";NULL;"665";"1"
"21010";"3220213";NULL;"187";"1"
"21011";"3220214";NULL;"379";"1"
"21012";"3220217";NULL;"658";"1"
"21013";"3220213";NULL;"199";"1"
"21014";"3220213";NULL;"185";"1"
"21015";"3220217";NULL;"693";"1"
"21016";"3220217";NULL;"72";"1"
"21017";"3220217";NULL;"452";"1"
"21018";"3220217";NULL;"565";"1"
"21019";"3220217";NULL;"199";"1"
"21020";"3220217";NULL;"607";"1"
"21021";"3220681";NULL;"252";"1"
"21022";"3220681";NULL;"692";"1"
"21023";"3220681";NULL;"688";"1"
"21024";"3220681";NULL;"674";"1"
"21025";"3220681";NULL;"673";"1"
"21026";"3220681";NULL;"672";"1"
"21027";"3220681";NULL;"671";"1"
"21028";"3220681";NULL;"670";"1"
"21029";"3220681";NULL;"669";"1"
"21030";"3220681";NULL;"668";"1"
"21031";"3220681";NULL;"667";"1"
"21032";"3220681";NULL;"666";"1"
"21033";"3220681";NULL;"665";"1"
"21034";"3220681";NULL;"658";"1"
"21035";"3220681";NULL;"693";"1"
"21036";"3220681";NULL;"72";"1"
"21037";"3220681";NULL;"452";"1"
"21038";"3220681";NULL;"565";"1"
"21039";"3220681";NULL;"199";"1"
"21040";"3220681";NULL;"607";"1"
"21041";"3221365";NULL;"652";"1"
"21042";"3223261";NULL;"100";"1"
"21043";"3223261";NULL;"101";"1"
"21044";"3223261";NULL;"113";"1"
"21045";"3223261";NULL;"114";"1"
"21046";"3223261";NULL;"115";"1"
"21047";"3223269";NULL;"116";"1"
"21048";"3223273";NULL;"117";"1"
"21049";"3223273";NULL;"139";"1"
"21050";"3223273";NULL;"152";"1"
"21051";"3223291";NULL;"153";"1"
"21052";"3223291";NULL;"154";"1"
"21053";"3223291";NULL;"165";"1"
"21054";"3223291";NULL;"185";"1"
"21055";"3223291";NULL;"187";"1"
"21056";"3223291";NULL;"192";"1"
"21057";"3223291";NULL;"199";"1"
"21058";"3223291";NULL;"208";"1"
"21059";"3223291";NULL;"211";"1"
"21060";"3223291";NULL;"213";"1"
"21061";"3223291";NULL;"214";"1"
"21062";"3223291";NULL;"217";"1"
"21063";"3223291";NULL;"227";"1"
"21064";"3223291";NULL;"231";"1"
"21065";"3223291";NULL;"233";"1"
"21066";"3223291";NULL;"234";"1"
"21067";"3223291";NULL;"236";"1"
"21068";"3223291";NULL;"239";"1"
"21069";"3223291";NULL;"240";"1"
"21070";"3223291";NULL;"245";"1"
"21071";"3223291";NULL;"249";"1"
"21072";"3223291";NULL;"251";"1"
"21073";"3223291";NULL;"252";"1"
"21074";"3223291";NULL;"254";"1"
"21075";"3223291";NULL;"256";"1"
"21076";"3223291";NULL;"258";"1"
"21077";"3223291";NULL;"275";"1"
"21078";"3223291";NULL;"276";"1"
"21079";"3223291";NULL;"277";"1"
"21080";"3223335";NULL;"278";"1"
"21081";"3223335";NULL;"28";"1"
"21082";"3223335";NULL;"283";"1"
"21083";"3223335";NULL;"284";"1"
"21084";"3223335";NULL;"286";"1"
"21085";"3223335";NULL;"287";"1"
"21086";"3223335";NULL;"288";"1"
"21087";"3223335";NULL;"289";"1"
"21088";"3223335";NULL;"290";"1"
"21089";"3223335";NULL;"291";"1"
"21090";"3223335";NULL;"292";"1"
"21091";"3223335";NULL;"293";"1"
"21092";"3223335";NULL;"294";"1"
"21093";"3223335";NULL;"296";"1"
"21094";"3223335";NULL;"297";"1"
"21095";"3223335";NULL;"304";"1"
"21096";"3223335";NULL;"307";"1"
"21097";"3223335";NULL;"308";"1"
"21098";"3223335";NULL;"323";"1"
"21099";"3223335";NULL;"327";"1"
"21100";"3223335";NULL;"328";"1"
"21101";"3223335";NULL;"330";"1"
"21102";"3223335";NULL;"332";"1"
"21103";"3223335";NULL;"333";"1"
"21104";"3223335";NULL;"335";"1"
"21105";"3223335";NULL;"336";"1"
"21106";"3223335";NULL;"337";"1"
"21107";"3223335";NULL;"338";"1"
"21108";"3223335";NULL;"339";"1"
"21109";"3223335";NULL;"340";"1"
"21110";"3223335";NULL;"341";"1"
"21111";"3223335";NULL;"343";"1"
"21112";"3223335";NULL;"352";"1"
"21113";"3223335";NULL;"353";"1"
"21114";"3223335";NULL;"354";"1"
"21115";"3223335";NULL;"355";"1"
"21116";"3223335";NULL;"356";"1"
"21117";"3223335";NULL;"36";"1"
"21118";"3223335";NULL;"362";"1"
"21119";"3223335";NULL;"364";"1"
"21120";"3223335";NULL;"365";"1"
"21121";"3223335";NULL;"366";"1"
"21122";"3223335";NULL;"367";"1"
"21123";"3223335";NULL;"370";"1"
"21124";"3223335";NULL;"371";"1"
"21125";"3223335";NULL;"376";"1"
"21126";"3223335";NULL;"378";"1"
"21127";"3223335";NULL;"379";"1"
"21128";"3223335";NULL;"386";"1"
"21129";"3223335";NULL;"392";"1"
"21130";"3223335";NULL;"393";"1"
"21131";"3223335";NULL;"394";"1"
"21132";"3223335";NULL;"395";"1"
"21133";"3223335";NULL;"398";"1"
"21134";"3223335";NULL;"402";"1"
"21135";"3223335";NULL;"41";"1"
"21136";"3223335";NULL;"42";"1"
"21137";"3223335";NULL;"421";"1"
"21138";"3223335";NULL;"422";"1"
"21139";"3223335";NULL;"423";"1"
"21140";"3223335";NULL;"424";"1"
"21141";"3223335";NULL;"425";"1"
"21142";"3223335";NULL;"426";"1"
"21143";"3223335";NULL;"427";"1"
"21144";"3223335";NULL;"43";"1"
"21145";"3223335";NULL;"430";"1"
"21146";"3223335";NULL;"431";"1"
"21147";"3223335";NULL;"432";"1"
"21148";"3223335";NULL;"433";"1"
"21149";"3223335";NULL;"434";"1"
"21150";"3223335";NULL;"435";"1"
"21151";"3223335";NULL;"436";"1"
"21152";"3223335";NULL;"437";"1"
"21153";"3223335";NULL;"439";"1"
"21154";"3223335";NULL;"44";"1"
"21155";"3223335";NULL;"447";"1"
"21156";"3223335";NULL;"449";"1"
"21157";"3223335";NULL;"452";"1"
"21158";"3223335";NULL;"453";"1"
"21159";"3223335";NULL;"460";"1"
"21160";"3223335";NULL;"468";"1"
"21161";"3223335";NULL;"47";"1"
"21162";"3223335";NULL;"474";"1"
"21163";"3223335";NULL;"478";"1"
"21164";"3223335";NULL;"481";"1"
"21165";"3223335";NULL;"482";"1"
"21166";"3223335";NULL;"483";"1"
"21167";"3223335";NULL;"484";"1"
"21168";"3223335";NULL;"485";"1"
"21169";"3223335";NULL;"486";"1"
"21170";"3223335";NULL;"487";"1"
"21171";"3223335";NULL;"497";"1"
"21172";"3223335";NULL;"50";"1"
"21173";"3223335";NULL;"505";"1"
"21174";"3223416";NULL;"505";"1"
"21175";"3223416";NULL;"51";"1"
"21176";"3223420";NULL;"510";"1"
"21177";"3223420";NULL;"511";"1"
"21178";"3223420";NULL;"513";"1"
"21179";"3223420";NULL;"516";"1"
"21180";"3223420";NULL;"517";"1"
"21181";"3223420";NULL;"52";"1"
"21182";"3223420";NULL;"521";"1"
"21183";"3223420";NULL;"523";"1"
"21184";"3223420";NULL;"525";"1"
"21185";"3223420";NULL;"527";"1"
"21186";"3223420";NULL;"528";"1"
"21187";"3223420";NULL;"53";"1"
"21188";"3223420";NULL;"530";"1"
"21189";"3223420";NULL;"531";"1"
"21190";"3223420";NULL;"533";"1"
"21191";"3223420";NULL;"534";"1"
"21192";"3223420";NULL;"535";"1"
"21193";"3223439";NULL;"537";"1"
"21194";"3223439";NULL;"538";"1"
"21195";"3223439";NULL;"54";"1"
"21196";"3223439";NULL;"542";"1"
"21197";"3223439";NULL;"544";"1"
"21198";"3223439";NULL;"546";"1"
"21199";"3223439";NULL;"548";"1"
"21200";"3223439";NULL;"549";"1"
"21201";"3223439";NULL;"55";"1"
"21202";"3223439";NULL;"550";"1"
"21203";"3223439";NULL;"551";"1"
"21204";"3223439";NULL;"552";"1"
"21205";"3223439";NULL;"555";"1"
"21206";"3223439";NULL;"556";"1"
"21207";"3223439";NULL;"557";"1"
"21208";"3223439";NULL;"558";"1"
"21209";"3223439";NULL;"559";"1"
"21210";"3223439";NULL;"56";"1"
"21211";"3223439";NULL;"560";"1"
"21212";"3223439";NULL;"561";"1"
"21213";"3223439";NULL;"562";"1"
"21214";"3223439";NULL;"564";"1"
"21215";"3223439";NULL;"565";"1"
"21216";"3223439";NULL;"566";"1"
"21217";"3223439";NULL;"567";"1"
"21218";"3223439";NULL;"568";"1"
"21219";"3223439";NULL;"569";"1"
"21220";"3223439";NULL;"57";"1"
"21221";"3223439";NULL;"571";"1"
"21222";"3223468";NULL;"574";"1"
"21223";"3223468";NULL;"575";"1"
"21224";"3223468";NULL;"576";"1"
"21225";"3223468";NULL;"577";"1"
"21226";"3223468";NULL;"578";"1"
"21227";"3223468";NULL;"579";"1"
"21228";"3223468";NULL;"580";"1"
"21229";"3223468";NULL;"581";"1"
"21230";"3223468";NULL;"582";"1"
"21231";"3223468";NULL;"584";"1"
"21232";"3223468";NULL;"586";"1"
"21233";"3223468";NULL;"587";"1"
"21234";"3223468";NULL;"588";"1"
"21235";"3223468";NULL;"589";"1"
"21236";"3223468";NULL;"590";"1"
"21237";"3223468";NULL;"591";"1"
"21238";"3223468";NULL;"592";"1"
"21239";"3223468";NULL;"593";"1"
"21240";"3223468";NULL;"594";"1"
"21241";"3223468";NULL;"596";"1"
"21242";"3223468";NULL;"600";"1"
"21243";"3223498";NULL;"614";"1"
"21244";"3223498";NULL;"616";"1"
"21245";"3223498";NULL;"618";"1"
"21246";"3223503";NULL;"621";"1"
"21247";"3223503";NULL;"622";"1"
"21248";"3223503";NULL;"623";"1"
"21249";"3223503";NULL;"624";"1"
"21250";"3223503";NULL;"625";"1"
"21251";"3223503";NULL;"628";"1"
"21252";"3223503";NULL;"629";"1"
"21253";"3223503";NULL;"630";"1"
"21254";"3223503";NULL;"632";"1"
"21255";"3223503";NULL;"633";"1"
"21256";"3223503";NULL;"634";"1"
"21257";"3223503";NULL;"635";"1"
"21258";"3223503";NULL;"636";"1"
"21259";"3223522";NULL;"646";"1"
"21260";"3223525";NULL;"647";"1"
"21261";"3223525";NULL;"648";"1"
"21262";"3223525";NULL;"649";"1"
"21263";"3223525";NULL;"650";"1"
"21264";"3223525";NULL;"651";"1"
"21265";"3223525";NULL;"652";"1"
"21266";"3223525";NULL;"653";"1"
"21267";"3223525";NULL;"654";"1"
"21268";"3223525";NULL;"655";"1"
"21269";"3223525";NULL;"656";"1"
"21270";"3223525";NULL;"657";"1"
"21271";"3223525";NULL;"658";"1"
"21272";"3223525";NULL;"71";"1"
"21273";"3223525";NULL;"72";"1"
"21274";"3223525";NULL;"86";"1"
"21275";"3223525";NULL;"88";"1"
"21276";"3223525";NULL;"89";"1"
"21277";"3223525";NULL;"90";"1"
"21278";"3223525";NULL;"91";"1"
"21279";"3223525";NULL;"95";"1"
"21280";"3223558";NULL;"99";"1"
"21281";"3224129";NULL;"537";"1"
"21282";"3224776";NULL;"101";"1"
"21283";"3224776";NULL;"113";"1"
"21284";"3224776";NULL;"114";"1"
"21285";"3224776";NULL;"115";"1"
"21286";"3224776";NULL;"116";"1"
"21287";"3224776";NULL;"117";"1"
"21288";"3224776";NULL;"122";"1"
"21289";"3224776";NULL;"129";"1"
"21290";"3224776";NULL;"135";"1"
"21291";"3224776";NULL;"149";"1"
"21292";"3224776";NULL;"152";"1"
"21293";"3224776";NULL;"153";"1"
"21294";"3224776";NULL;"154";"1"
"21295";"3224776";NULL;"165";"1"
"21296";"3224776";NULL;"177";"1"
"21297";"3224776";NULL;"178";"1"
"21298";"3224776";NULL;"185";"1"
"21299";"3224776";NULL;"186";"1"
"21300";"3224776";NULL;"187";"1"
"21301";"3224776";NULL;"192";"1"
"21302";"3224776";NULL;"194";"1"
"21303";"3224776";NULL;"199";"1"
"21304";"3224776";NULL;"208";"1"
"21305";"3224776";NULL;"211";"1"
"21306";"3224786";NULL;"217";"1"
"21307";"3224786";NULL;"227";"1"
"21308";"3224786";NULL;"230";"1"
"21309";"3224786";NULL;"233";"1"
"21310";"3224786";NULL;"234";"1"
"21311";"3224786";NULL;"236";"1"
"21312";"3224793";NULL;"36";"1"
"21313";"3224793";NULL;"362";"1"
"21314";"3224793";NULL;"364";"1"
"21315";"3224793";NULL;"365";"1"
"21316";"3224793";NULL;"366";"1"
"21317";"3224793";NULL;"367";"1"
"21318";"3224793";NULL;"370";"1"
"21319";"3224793";NULL;"371";"1"
"21320";"3224793";NULL;"372";"1"
"21321";"3224793";NULL;"373";"1"
"21322";"3224793";NULL;"376";"1"
"21323";"3224793";NULL;"377";"1"
"21324";"3224793";NULL;"378";"1"
"21325";"3224793";NULL;"379";"1"
"21326";"3224793";NULL;"386";"1"
"21327";"3224793";NULL;"392";"1"
"21328";"3224793";NULL;"393";"1"
"21329";"3224793";NULL;"394";"1"
"21330";"3224793";NULL;"395";"1"
"21331";"3224793";NULL;"398";"1"
"21332";"3224793";NULL;"402";"1"
"21333";"3224793";NULL;"41";"1"
"21334";"3224793";NULL;"42";"1"
"21335";"3224793";NULL;"421";"1"
"21336";"3224793";NULL;"422";"1"
"21337";"3224793";NULL;"423";"1"
"21338";"3224793";NULL;"425";"1"
"21339";"3224793";NULL;"426";"1"
"21340";"3224793";NULL;"427";"1"
"21341";"3224793";NULL;"43";"1"
"21342";"3224793";NULL;"430";"1"
"21343";"3224793";NULL;"431";"1"
"21344";"3224793";NULL;"432";"1"
"21345";"3224793";NULL;"433";"1"
"21346";"3224793";NULL;"434";"1"
"21347";"3224793";NULL;"435";"1"
"21348";"3224793";NULL;"436";"1"
"21349";"3224793";NULL;"439";"1"
"21350";"3224793";NULL;"44";"1"
"21351";"3224793";NULL;"447";"1"
"21352";"3224793";NULL;"449";"1"
"21353";"3224793";NULL;"453";"1"
"21354";"3224793";NULL;"456";"1"
"21355";"3224793";NULL;"458";"1"
"21356";"3224793";NULL;"459";"1"
"21357";"3224793";NULL;"460";"1"
"21358";"3224793";NULL;"461";"1"
"21359";"3224793";NULL;"462";"1"
"21360";"3224793";NULL;"468";"1"
"21361";"3224793";NULL;"47";"1"
"21362";"3224793";NULL;"474";"1"
"21363";"3224793";NULL;"478";"1"
"21364";"3224793";NULL;"480";"1"
"21365";"3224793";NULL;"481";"1"
"21366";"3224793";NULL;"482";"1"
"21367";"3224793";NULL;"483";"1"
"21368";"3224793";NULL;"484";"1"
"21369";"3224793";NULL;"485";"1"
"21370";"3224793";NULL;"486";"1"
"21371";"3224793";NULL;"487";"1"
"21372";"3224793";NULL;"497";"1"
"21373";"3224793";NULL;"498";"1"
"21374";"3224793";NULL;"50";"1"
"21375";"3224793";NULL;"501";"1"
"21376";"3224793";NULL;"505";"1"
"21377";"3224793";NULL;"51";"1"
"21378";"3224793";NULL;"510";"1"
"21379";"3224793";NULL;"511";"1"
"21380";"3224793";NULL;"513";"1"
"21381";"3224793";NULL;"517";"1"
"21382";"3224793";NULL;"52";"1"
"21383";"3224793";NULL;"521";"1"
"21384";"3224793";NULL;"522";"1"
"21385";"3224828";NULL;"550";"1"
"21386";"3224828";NULL;"551";"1"
"21387";"3224828";NULL;"552";"1"
"21388";"3224828";NULL;"555";"1"
"21389";"3224828";NULL;"556";"1"
"21390";"3224828";NULL;"557";"1"
"21391";"3224833";NULL;"559";"1"
"21392";"3224833";NULL;"56";"1"
"21393";"3224833";NULL;"560";"1"
"21394";"3224833";NULL;"561";"1"
"21395";"3224833";NULL;"562";"1"
"21396";"3224833";NULL;"564";"1"
"21397";"3224833";NULL;"566";"1"
"21398";"3224833";NULL;"567";"1"
"21399";"3224833";NULL;"568";"1"
"21400";"3224833";NULL;"569";"1"
"21401";"3224833";NULL;"57";"1"
"21402";"3224833";NULL;"571";"1"
"21403";"3224833";NULL;"572";"1"
"21404";"3224833";NULL;"574";"1"
"21405";"3224833";NULL;"575";"1"
"21406";"3224833";NULL;"576";"1"
"21407";"3224833";NULL;"577";"1"
"21408";"3224833";NULL;"578";"1"
"21409";"3224833";NULL;"579";"1"
"21410";"3224833";NULL;"580";"1"
"21411";"3224833";NULL;"581";"1"
"21412";"3224833";NULL;"582";"1"
"21413";"3224833";NULL;"584";"1"
"21414";"3224833";NULL;"586";"1"
"21415";"3224833";NULL;"588";"1"
"21416";"3224833";NULL;"589";"1"
"21417";"3224833";NULL;"590";"1"
"21418";"3224833";NULL;"591";"1"
"21419";"3224833";NULL;"592";"1"
"21420";"3224833";NULL;"593";"1"
"21421";"3224833";NULL;"594";"1"
"21422";"3224833";NULL;"596";"1"
"21423";"3224833";NULL;"600";"1"
"21424";"3224833";NULL;"601";"1"
"21425";"3224853";NULL;"632";"1"
"21426";"3224853";NULL;"633";"1"
"21427";"3224853";NULL;"634";"1"
"21428";"3224853";NULL;"635";"1"
"21429";"3224853";NULL;"636";"1"
"21430";"3224853";NULL;"638";"1"
"21431";"3224853";NULL;"639";"1"
"21432";"3224853";NULL;"640";"1"
"21433";"3224853";NULL;"641";"1"
"21434";"3224853";NULL;"642";"1"
"21435";"3224853";NULL;"643";"1"
"21436";"3224853";NULL;"644";"1"
"21437";"3224853";NULL;"645";"1"
"21438";"3224853";NULL;"647";"1"
"21439";"3224853";NULL;"648";"1"
"21440";"3224853";NULL;"649";"1"
"21441";"3224853";NULL;"650";"1"
"21442";"3224853";NULL;"651";"1"
"21443";"3224853";NULL;"653";"1"
"21444";"3224853";NULL;"654";"1"
"21445";"3224853";NULL;"655";"1"
"21446";"3224853";NULL;"658";"1"
"21447";"3224853";NULL;"71";"1"
"21448";"3224853";NULL;"72";"1"
"21449";"3224853";NULL;"74";"1"
"21450";"3224853";NULL;"86";"1"
"21451";"3224853";NULL;"88";"1"
"21452";"3224853";NULL;"89";"1"
"21453";"3224853";NULL;"90";"1"
"21454";"3224853";NULL;"91";"1"
"21455";"3224853";NULL;"95";"1"
"21456";"3224853";NULL;"99";"1"
"21457";"3231290";NULL;"304";"1"
"21458";"3231290";NULL;"313";"1"
"21459";"3231290";NULL;"326";"1"
"21460";"3231290";NULL;"338";"1"
"21461";"3231290";NULL;"339";"1"
"21462";"3231290";NULL;"425";"1"
"21463";"3231290";NULL;"426";"1"
"21464";"3231290";NULL;"427";"1"
"21465";"3231290";NULL;"456";"1"
"21466";"3231290";NULL;"473";"1"
"21467";"3231290";NULL;"478";"1"
"21468";"3231290";NULL;"482";"1"
"21469";"3231290";NULL;"50";"1"
"21470";"3231290";NULL;"526";"1"
"21471";"3231290";NULL;"532";"1"
"21472";"3231290";NULL;"548";"1"
"21473";"3231290";NULL;"571";"1"
"21474";"3231290";NULL;"627";"1"
"21475";"3231290";NULL;"631";"1"
"21476";"3231290";NULL;"641";"1"
"21477";"3231290";NULL;"642";"1"
"21478";"3231290";NULL;"643";"1"
"21479";"3231290";NULL;"644";"1"
"21480";"3231290";NULL;"659";"1"
"21481";"3231290";NULL;"660";"1"
"21482";"3231290";NULL;"661";"1"
"21483";"3231290";NULL;"662";"1"
"21484";"3231290";NULL;"663";"1"
"21485";"3231290";NULL;"664";"1"
"21486";"3231290";NULL;"665";"1"
"21487";"3231290";NULL;"666";"1"
"21488";"3231290";NULL;"667";"1"
"21489";"3231290";NULL;"668";"1"
"21490";"3231290";NULL;"669";"1"
"21491";"3231290";NULL;"670";"1"
"21492";"3231290";NULL;"671";"1"
"21493";"3231290";NULL;"672";"1"
"21494";"3231290";NULL;"673";"1"
"21495";"3231290";NULL;"674";"1"
"21496";"3231290";NULL;"675";"1"
"21497";"3231290";NULL;"676";"1"
"21498";"3231290";NULL;"677";"1"
"21499";"3231290";NULL;"678";"1"
"21500";"3231290";NULL;"679";"1"
"21501";"3231290";NULL;"680";"1"
"21502";"3231290";NULL;"681";"1"
"21503";"3231290";NULL;"682";"1"
"21504";"3231290";NULL;"683";"1"
"21505";"3231290";NULL;"684";"1"
"21506";"3231290";NULL;"685";"1"
"21507";"3231290";NULL;"686";"1"
"21508";"3231290";NULL;"687";"1"
"21509";"3231290";NULL;"688";"1"
"21510";"3231290";NULL;"689";"1"
"21511";"3231290";NULL;"690";"1"
"21512";"3231290";NULL;"691";"1"
"21513";"3231290";NULL;"692";"1"
"21514";"3231290";NULL;"693";"1"
"21515";"3231734";NULL;"371";"1"
"21516";"3231734";NULL;"688";"1"
"21517";"3231734";NULL;"674";"1"
"21518";"3231734";NULL;"673";"1"
"21519";"3231734";NULL;"671";"1"
"21520";"3231734";NULL;"670";"1"
"21521";"3231734";NULL;"669";"1"
"21522";"3231734";NULL;"668";"1"
"21523";"3231734";NULL;"657";"1"
"21524";"3231734";NULL;"653";"1"
"21525";"3231734";NULL;"434";"1"
"21526";"3231734";NULL;"559";"1"
"21527";"3231734";NULL;"590";"1"
"21528";"3231734";NULL;"593";"1"
"21529";"3231734";NULL;"604";"1"
"21530";"3231734";NULL;"613";"1"
"21531";"3231734";NULL;"650";"1"
"21532";"3231734";NULL;"555";"1"
"21533";"3231734";NULL;"487";"1"
"21534";"3231734";NULL;"481";"1"
"21535";"3231948";NULL;"139";"1"
"21536";"3231948";NULL;"214";"1"
"21537";"3231961";NULL;"326";"1"
"21538";"3231961";NULL;"437";"1"
"21539";"3231961";NULL;"532";"1"
"21540";"3231961";NULL;"652";"1"
"21541";"3231961";NULL;"656";"1"
"21542";"3231961";NULL;"657";"1"
"21543";"3231961";NULL;"659";"1"
"21544";"3231961";NULL;"660";"1"
"21545";"3231961";NULL;"664";"1"
"21546";"3231961";NULL;"665";"1"
"21547";"3232050";NULL;"590";"1"
"21548";"3232050";NULL;"673";"1"
"21549";"3232050";NULL;"671";"1"
"21550";"3232050";NULL;"670";"1"
"21551";"3232050";NULL;"665";"1"
"21552";"3232050";NULL;"656";"1"
"21553";"3232050";NULL;"652";"1"
"21554";"3232050";NULL;"601";"1"
"21555";"3232050";NULL;"559";"1"
"21556";"3232050";NULL;"487";"1"
"21557";"3232050";NULL;"474";"1"
"21558";"3232050";NULL;"452";"1"
"21559";"3232050";NULL;"433";"1"
"21560";"3232050";NULL;"307";"1"
"21561";"3232050";NULL;"252";"1"
"21562";"3232050";NULL;"187";"1"
"21563";"3232050";NULL;"199";"1"
"21564";"3232050";NULL;"185";"1"
"21565";"3233193";NULL;"667";"1"
"21566";"3233193";NULL;"668";"1"
"21567";"3233193";NULL;"669";"1"
"21568";"3233193";NULL;"670";"1"
"21569";"3233193";NULL;"671";"1"
"21570";"3233193";NULL;"673";"1"
"21571";"3233193";NULL;"674";"1"
"21572";"3233193";NULL;"675";"1"
"21573";"3233193";NULL;"676";"1"
"21574";"3233193";NULL;"677";"1"
"21575";"3233193";NULL;"678";"1"
"21576";"3233193";NULL;"681";"1"
"21577";"3233193";NULL;"682";"1"
"21578";"3233193";NULL;"683";"1"
"21579";"3233193";NULL;"684";"1"
"21580";"3233193";NULL;"685";"1"
"21581";"3233193";NULL;"686";"1"
"21582";"3233193";NULL;"688";"1"
"21583";"3233193";NULL;"690";"1"
"21584";"3233193";NULL;"691";"1"
"21585";"3233193";NULL;"692";"1"
"21586";"3233193";NULL;"693";"1"
"21587";"3235117";NULL;"671";"1"
"21588";"3236025";NULL;"487";"1"
"21589";"3237552";NULL;"101";"1"
"21590";"3237552";NULL;"113";"1"
"21591";"3237552";NULL;"114";"1"
"21592";"3237552";NULL;"115";"1"
"21593";"3237560";NULL;"116";"1"
"21594";"3237560";NULL;"117";"1"
"21595";"3237560";NULL;"139";"1"
"21596";"3237566";NULL;"152";"1"
"21597";"3237567";NULL;"153";"1"
"21598";"3237567";NULL;"154";"1"
"21599";"3237567";NULL;"165";"1"
"21600";"3237567";NULL;"208";"1"
"21601";"3237567";NULL;"211";"1"
"21602";"3237567";NULL;"213";"1"
"21603";"3237567";NULL;"214";"1"
"21604";"3237567";NULL;"217";"1"
"21605";"3237567";NULL;"227";"1"
"21606";"3237567";NULL;"231";"1"
"21607";"3237567";NULL;"233";"1"
"21608";"3237567";NULL;"234";"1"
"21609";"3237577";NULL;"236";"1"
"21610";"3237577";NULL;"239";"1"
"21611";"3237577";NULL;"240";"1"
"21612";"3237577";NULL;"245";"1"
"21613";"3237577";NULL;"251";"1"
"21614";"3237577";NULL;"256";"1"
"21615";"3237577";NULL;"258";"1"
"21616";"3237577";NULL;"275";"1"
"21617";"3237577";NULL;"276";"1"
"21618";"3237577";NULL;"277";"1"
"21619";"3237577";NULL;"278";"1"
"21620";"3237577";NULL;"28";"1"
"21621";"3237577";NULL;"283";"1"
"21622";"3237577";NULL;"284";"1"
"21623";"3237577";NULL;"286";"1"
"21624";"3237577";NULL;"287";"1"
"21625";"3237577";NULL;"288";"1"
"21626";"3237577";NULL;"289";"1"
"21627";"3237577";NULL;"290";"1"
"21628";"3237577";NULL;"291";"1"
"21629";"3237577";NULL;"292";"1"
"21630";"3237577";NULL;"293";"1"
"21631";"3237577";NULL;"294";"1"
"21632";"3237577";NULL;"296";"1"
"21633";"3237577";NULL;"297";"1"
"21634";"3237577";NULL;"304";"1"
"21635";"3237577";NULL;"308";"1"
"21636";"3237577";NULL;"322";"1"
"21637";"3237577";NULL;"323";"1"
"21638";"3237577";NULL;"327";"1"
"21639";"3237577";NULL;"328";"1"
"21640";"3237577";NULL;"332";"1"
"21641";"3237577";NULL;"333";"1"
"21642";"3237577";NULL;"335";"1"
"21643";"3237577";NULL;"336";"1"
"21644";"3237577";NULL;"337";"1"
"21645";"3237577";NULL;"340";"1"
"21646";"3237577";NULL;"341";"1"
"21647";"3237577";NULL;"352";"1"
"21648";"3237577";NULL;"353";"1"
"21649";"3237577";NULL;"354";"1"
"21650";"3237577";NULL;"355";"1"
"21651";"3237577";NULL;"356";"1"
"21652";"3237577";NULL;"36";"1"
"21653";"3237577";NULL;"362";"1"
"21654";"3237577";NULL;"364";"1"
"21655";"3237598";NULL;"365";"1"
"21656";"3237598";NULL;"366";"1"
"21657";"3237598";NULL;"367";"1"
"21658";"3237598";NULL;"392";"1"
"21659";"3237598";NULL;"393";"1"
"21660";"3237598";NULL;"394";"1"
"21661";"3237598";NULL;"395";"1"
"21662";"3237598";NULL;"398";"1"
"21663";"3237598";NULL;"402";"1"
"21664";"3237598";NULL;"42";"1"
"21665";"3237598";NULL;"421";"1"
"21666";"3237598";NULL;"422";"1"
"21667";"3237598";NULL;"423";"1"
"21668";"3237598";NULL;"424";"1"
"21669";"3237598";NULL;"425";"1"
"21670";"3237598";NULL;"427";"1"
"21671";"3237621";NULL;"43";"1"
"21672";"3237621";NULL;"430";"1"
"21673";"3237621";NULL;"431";"1"
"21674";"3237621";NULL;"432";"1"
"21675";"3237621";NULL;"436";"1"
"21676";"3237621";NULL;"437";"1"
"21677";"3237621";NULL;"439";"1"
"21678";"3237632";NULL;"44";"1"
"21679";"3237632";NULL;"447";"1"
"21680";"3237632";NULL;"460";"1"
"21681";"3237632";NULL;"47";"1"
"21682";"3237632";NULL;"478";"1"
"21683";"3237632";NULL;"482";"1"
"21684";"3237632";NULL;"483";"1"
"21685";"3237632";NULL;"484";"1"
"21686";"3237632";NULL;"50";"1"
"21687";"3237632";NULL;"505";"1"
"21688";"3237632";NULL;"51";"1"
"21689";"3237632";NULL;"510";"1"
"21690";"3237632";NULL;"511";"1"
"21691";"3237632";NULL;"513";"1"
"21692";"3237632";NULL;"516";"1"
"21693";"3237632";NULL;"517";"1"
"21694";"3237632";NULL;"52";"1"
"21695";"3237632";NULL;"521";"1"
"21696";"3237632";NULL;"523";"1"
"21697";"3237632";NULL;"525";"1"
"21698";"3237632";NULL;"527";"1"
"21699";"3237632";NULL;"528";"1"
"21700";"3237632";NULL;"53";"1"
"21701";"3237632";NULL;"530";"1"
"21702";"3237632";NULL;"531";"1"
"21703";"3237632";NULL;"533";"1"
"21704";"3237632";NULL;"534";"1"
"21705";"3237632";NULL;"535";"1"
"21706";"3237632";NULL;"537";"1"
"21707";"3237632";NULL;"538";"1"
"21708";"3237632";NULL;"54";"1"
"21709";"3237632";NULL;"542";"1"
"21710";"3237632";NULL;"544";"1"
"21711";"3237632";NULL;"546";"1"
"21712";"3237632";NULL;"548";"1"
"21713";"3237632";NULL;"549";"1"
"21714";"3237632";NULL;"55";"1"
"21715";"3237632";NULL;"550";"1"
"21716";"3237632";NULL;"551";"1"
"21717";"3237632";NULL;"552";"1"
"21718";"3237632";NULL;"556";"1"
"21719";"3237632";NULL;"557";"1"
"21720";"3237632";NULL;"558";"1"
"21721";"3237632";NULL;"56";"1"
"21722";"3237632";NULL;"560";"1"
"21723";"3237632";NULL;"561";"1"
"21724";"3237632";NULL;"562";"1"
"21725";"3237632";NULL;"564";"1"
"21726";"3237632";NULL;"566";"1"
"21727";"3237632";NULL;"567";"1"
"21728";"3237632";NULL;"568";"1"
"21729";"3237632";NULL;"569";"1"
"21730";"3237632";NULL;"57";"1"
"21731";"3237632";NULL;"571";"1"
"21732";"3237632";NULL;"572";"1"
"21733";"3237632";NULL;"574";"1"
"21734";"3237632";NULL;"575";"1"
"21735";"3237660";NULL;"577";"1"
"21736";"3237660";NULL;"578";"1"
"21737";"3237661";NULL;"580";"1"
"21738";"3237661";NULL;"581";"1"
"21739";"3237661";NULL;"582";"1"
"21740";"3237661";NULL;"586";"1"
"21741";"3237661";NULL;"588";"1"
"21742";"3237661";NULL;"592";"1"
"21743";"3237661";NULL;"594";"1"
"21744";"3237661";NULL;"596";"1"
"21745";"3237661";NULL;"600";"1"
"21746";"3237661";NULL;"602";"1"
"21747";"3237661";NULL;"609";"1"
"21748";"3237661";NULL;"610";"1"
"21749";"3237661";NULL;"618";"1"
"21750";"3237661";NULL;"619";"1"
"21751";"3237661";NULL;"622";"1"
"21752";"3237661";NULL;"623";"1"
"21753";"3237661";NULL;"624";"1"
"21754";"3237661";NULL;"625";"1"
"21755";"3237661";NULL;"628";"1"
"21756";"3237661";NULL;"629";"1"
"21757";"3237661";NULL;"630";"1"
"21758";"3237661";NULL;"632";"1"
"21759";"3237661";NULL;"633";"1"
"21760";"3237661";NULL;"634";"1"
"21761";"3237661";NULL;"635";"1"
"21762";"3237661";NULL;"636";"1"
"21763";"3237661";NULL;"638";"1"
"21764";"3237661";NULL;"639";"1"
"21765";"3237661";NULL;"640";"1"
"21766";"3237661";NULL;"694";"1"
"21767";"3237661";NULL;"695";"1"
"21768";"3237661";NULL;"696";"1"
"21769";"3237681";NULL;"696";"1"
"21770";"3237681";NULL;"697";"1"
"21771";"3237681";NULL;"698";"1"
"21772";"3237681";NULL;"699";"1"
"21773";"3237681";NULL;"700";"1"
"21774";"3237681";NULL;"701";"1"
"21775";"3237681";NULL;"702";"1"
"21776";"3237681";NULL;"703";"1"
"21777";"3237681";NULL;"704";"1"
"21778";"3237681";NULL;"71";"1"
"21779";"3237681";NULL;"86";"1"
"21780";"3237681";NULL;"88";"1"
"21781";"3237681";NULL;"89";"1"
"21782";"3237681";NULL;"90";"1"
"21783";"3237681";NULL;"91";"1"
"21784";"3237681";NULL;"95";"1"
"21785";"3237681";NULL;"99";"1"
"21786";"3237991";NULL;"252";"1"
"21787";"3237991";NULL;"693";"1"
"21788";"3237991";NULL;"692";"1"
"21789";"3237991";NULL;"688";"1"
"21790";"3237991";NULL;"674";"1"
"21791";"3237991";NULL;"673";"1"
"21792";"3237991";NULL;"672";"1"
"21793";"3237991";NULL;"671";"1"
"21794";"3237991";NULL;"670";"1"
"21795";"3237991";NULL;"669";"1"
"21796";"3237991";NULL;"589";"1"
"21797";"3237991";NULL;"658";"1"
"21798";"3237991";NULL;"665";"1"
"21799";"3237991";NULL;"666";"1"
"21800";"3237991";NULL;"667";"1"
"21801";"3237991";NULL;"668";"1"
"21802";"3237991";NULL;"72";"1"
"21803";"3237991";NULL;"452";"1"
"21804";"3237991";NULL;"565";"1"
"21805";"3237991";NULL;"199";"1"
"21806";"3238218";NULL;"101";"1"
"21807";"3238218";NULL;"114";"1"
"21808";"3238218";NULL;"115";"1"
"21809";"3238218";NULL;"116";"1"
"21810";"3238218";NULL;"122";"1"
"21811";"3238673";NULL;"135";"1"
"21812";"3238673";NULL;"149";"1"
"21813";"3238673";NULL;"154";"1"
"21814";"3238673";NULL;"177";"1"
"21815";"3238673";NULL;"178";"1"
"21816";"3238673";NULL;"185";"1"
"21817";"3238673";NULL;"186";"1"
"21818";"3238673";NULL;"187";"1"
"21819";"3238673";NULL;"192";"1"
"21820";"3238673";NULL;"194";"1"
"21821";"3238673";NULL;"199";"1"
"21822";"3238673";NULL;"211";"1"
"21823";"3238673";NULL;"213";"1"
"21824";"3238673";NULL;"217";"1"
"21825";"3238673";NULL;"227";"1"
"21826";"3238673";NULL;"230";"1"
"21827";"3238673";NULL;"233";"1"
"21828";"3238673";NULL;"234";"1"
"21829";"3238673";NULL;"240";"1"
"21830";"3238673";NULL;"251";"1"
"21831";"3238673";NULL;"252";"1"
"21832";"3238673";NULL;"254";"1"
"21833";"3238673";NULL;"256";"1"
"21834";"3238673";NULL;"258";"1"
"21835";"3238673";NULL;"275";"1"
"21836";"3238673";NULL;"276";"1"
"21837";"3238673";NULL;"28";"1"
"21838";"3238673";NULL;"283";"1"
"21839";"3238673";NULL;"284";"1"
"21840";"3238673";NULL;"286";"1"
"21841";"3238673";NULL;"288";"1"
"21842";"3238673";NULL;"290";"1"
"21843";"3238673";NULL;"293";"1"
"21844";"3238673";NULL;"294";"1"
"21845";"3238673";NULL;"297";"1"
"21846";"3238673";NULL;"299";"1"
"21847";"3238673";NULL;"304";"1"
"21848";"3238673";NULL;"307";"1"
"21849";"3238673";NULL;"308";"1"
"21850";"3238673";NULL;"323";"1"
"21851";"3238673";NULL;"327";"1"
"21852";"3238673";NULL;"328";"1"
"21853";"3238673";NULL;"330";"1"
"21854";"3238673";NULL;"332";"1"
"21855";"3238673";NULL;"335";"1"
"21856";"3238673";NULL;"337";"1"
"21857";"3238673";NULL;"338";"1"
"21858";"3238673";NULL;"339";"1"
"21859";"3238673";NULL;"340";"1"
"21860";"3238673";NULL;"341";"1"
"21861";"3238673";NULL;"343";"1"
"21862";"3238673";NULL;"352";"1"
"21863";"3238673";NULL;"353";"1"
"21864";"3238686";NULL;"355";"1"
"21865";"3238686";NULL;"356";"1"
"21866";"3238686";NULL;"362";"1"
"21867";"3238686";NULL;"365";"1"
"21868";"3238686";NULL;"370";"1"
"21869";"3238686";NULL;"371";"1"
"21870";"3238686";NULL;"372";"1"
"21871";"3238686";NULL;"373";"1"
"21872";"3238686";NULL;"376";"1"
"21873";"3238686";NULL;"377";"1"
"21874";"3238686";NULL;"378";"1"
"21875";"3238686";NULL;"379";"1"
"21876";"3238686";NULL;"386";"1"
"21877";"3238686";NULL;"392";"1"
"21878";"3238686";NULL;"393";"1"
"21879";"3238686";NULL;"394";"1"
"21880";"3238686";NULL;"395";"1"
"21881";"3238686";NULL;"402";"1"
"21882";"3238686";NULL;"41";"1"
"21883";"3238686";NULL;"42";"1"
"21884";"3238686";NULL;"421";"1"
"21885";"3238686";NULL;"422";"1"
"21886";"3238686";NULL;"423";"1"
"21887";"3238686";NULL;"425";"1"
"21888";"3238686";NULL;"426";"1"
"21889";"3238686";NULL;"43";"1"
"21890";"3238686";NULL;"430";"1"
"21891";"3238686";NULL;"431";"1"
"21892";"3238686";NULL;"432";"1"
"21893";"3238686";NULL;"433";"1"
"21894";"3238686";NULL;"434";"1"
"21895";"3238686";NULL;"435";"1"
"21896";"3238686";NULL;"436";"1"
"21897";"3238696";NULL;"453";"1"
"21898";"3238696";NULL;"458";"1"
"21899";"3238696";NULL;"459";"1"
"21900";"3238696";NULL;"460";"1"
"21901";"3238696";NULL;"461";"1"
"21902";"3238696";NULL;"462";"1"
"21903";"3238696";NULL;"468";"1"
"21904";"3238696";NULL;"47";"1"
"21905";"3238696";NULL;"474";"1"
"21906";"3238696";NULL;"480";"1"
"21907";"3238696";NULL;"481";"1"
"21908";"3238696";NULL;"482";"1"
"21909";"3238696";NULL;"483";"1"
"21910";"3238696";NULL;"484";"1"
"21911";"3238696";NULL;"485";"1"
"21912";"3238696";NULL;"486";"1"
"21913";"3238696";NULL;"487";"1"
"21914";"3238696";NULL;"497";"1"
"21915";"3238696";NULL;"498";"1"
"21916";"3238696";NULL;"50";"1"
"21917";"3238696";NULL;"501";"1"
"21918";"3238696";NULL;"505";"1"
"21919";"3238696";NULL;"51";"1"
"21920";"3238696";NULL;"510";"1"
"21921";"3238696";NULL;"511";"1"
"21922";"3238696";NULL;"517";"1"
"21923";"3238696";NULL;"52";"1"
"21924";"3238696";NULL;"521";"1"
"21925";"3238696";NULL;"522";"1"
"21926";"3238696";NULL;"523";"1"
"21927";"3238696";NULL;"525";"1"
"21928";"3238696";NULL;"526";"1"
"21929";"3238696";NULL;"527";"1"
"21930";"3238696";NULL;"528";"1"
"21931";"3238696";NULL;"531";"1"
"21932";"3238696";NULL;"533";"1"
"21933";"3238696";NULL;"534";"1"
"21934";"3238696";NULL;"535";"1"
"21935";"3238696";NULL;"555";"1"
"21936";"3238696";NULL;"556";"1"
"21937";"3238696";NULL;"559";"1"
"21938";"3238696";NULL;"562";"1"
"21939";"3238696";NULL;"564";"1"
"21940";"3238696";NULL;"566";"1"
"21941";"3238696";NULL;"567";"1"
"21942";"3238696";NULL;"568";"1"
"21943";"3238696";NULL;"571";"1"
"21944";"3238696";NULL;"574";"1"
"21945";"3238696";NULL;"575";"1"
"21946";"3238696";NULL;"576";"1"
"21947";"3238696";NULL;"577";"1"
"21948";"3238696";NULL;"578";"1"
"21949";"3238696";NULL;"579";"1"
"21950";"3238696";NULL;"581";"1"
"21951";"3238696";NULL;"582";"1"
"21952";"3238696";NULL;"584";"1"
"21953";"3238696";NULL;"586";"1"
"21954";"3238696";NULL;"588";"1"
"21955";"3238696";NULL;"591";"1"
"21956";"3238696";NULL;"600";"1"
"21957";"3238696";NULL;"601";"1"
"21958";"3238696";NULL;"608";"1"
"21959";"3238696";NULL;"610";"1"
"21960";"3238696";NULL;"612";"1"
"21961";"3238696";NULL;"613";"1"
"21962";"3238696";NULL;"614";"1"
"21963";"3238696";NULL;"616";"1"
"21964";"3238696";NULL;"618";"1"
"21965";"3238696";NULL;"619";"1"
"21966";"3238696";NULL;"621";"1"
"21967";"3238696";NULL;"622";"1"
"21968";"3238696";NULL;"624";"1"
"21969";"3238696";NULL;"635";"1"
"21970";"3238696";NULL;"636";"1"
"21971";"3238696";NULL;"643";"1"
"21972";"3238696";NULL;"644";"1"
"21973";"3238696";NULL;"645";"1"
"21974";"3238696";NULL;"647";"1"
"21975";"3238696";NULL;"648";"1"
"21976";"3238696";NULL;"649";"1"
"21977";"3238696";NULL;"650";"1"
"21978";"3238696";NULL;"651";"1"
"21979";"3238696";NULL;"653";"1"
"21980";"3238696";NULL;"654";"1"
"21981";"3238696";NULL;"655";"1"
"21982";"3238696";NULL;"658";"1"
"21983";"3238696";NULL;"71";"1"
"21984";"3238696";NULL;"72";"1"
"21985";"3238696";NULL;"74";"1"
"21986";"3238696";NULL;"86";"1"
"21987";"3238696";NULL;"88";"1"
"21988";"3238696";NULL;"89";"1"
"21989";"3238696";NULL;"90";"1"
"21990";"3238696";NULL;"91";"1"
"21991";"3238696";NULL;"99";"1"
"21992";"3238806";NULL;"590";"1"
"21993";"3238806";NULL;"613";"1"
"21994";"3238806";NULL;"666";"1"
"21995";"3238806";NULL;"672";"1"
"21996";"3238806";NULL;"673";"1"
"21997";"3238806";NULL;"589";"1"
"21998";"3239114";NULL;"36";"1"
"21999";"3239114";NULL;"552";"1"
"22000";"3239114";NULL;"551";"1"
"22001";"3239114";NULL;"550";"1"
"22002";"3239114";NULL;"549";"1"
"22003";"3239114";NULL;"538";"1"
"22004";"3239114";NULL;"537";"1"
"22005";"3239114";NULL;"364";"1"
"22006";"3239114";NULL;"276";"1"
"22007";"3239114";NULL;"57";"1"
"22008";"3239114";NULL;"56";"1"
"22009";"3239114";NULL;"53";"1"
"22010";"3239114";NULL;"277";"1"
"22011";"3239114";NULL;"278";"1"
"22012";"3239114";NULL;"283";"1"
"22013";"3239114";NULL;"54";"1"
"22014";"3239114";NULL;"55";"1"
"22015";"3239196";NULL;"216";"1"
"22016";"3240534";NULL;"590";"1"
"22017";"3240534";NULL;"673";"1"
"22018";"3240534";NULL;"671";"1"
"22019";"3240534";NULL;"670";"1"
"22020";"3240534";NULL;"665";"1"
"22021";"3240534";NULL;"656";"1"
"22022";"3240534";NULL;"652";"1"
"22023";"3240534";NULL;"601";"1"
"22024";"3240534";NULL;"559";"1"
"22025";"3240534";NULL;"487";"1"
"22026";"3240534";NULL;"474";"1"
"22027";"3240534";NULL;"452";"1"
"22028";"3240534";NULL;"433";"1"
"22029";"3240534";NULL;"307";"1"
"22030";"3240534";NULL;"252";"1"
"22031";"3240534";NULL;"187";"1"
"22032";"3240534";NULL;"199";"1"
"22033";"3240534";NULL;"185";"1"
"22034";"3246334";NULL;"100";"1"
"22035";"3246334";NULL;"101";"1"
"22036";"3246334";NULL;"185";"1"
"22037";"3246334";NULL;"187";"1"
"22038";"3246334";NULL;"192";"1"
"22039";"3246334";NULL;"199";"1"
"22040";"3246352";NULL;"249";"1"
"22041";"3246352";NULL;"252";"1"
"22042";"3246352";NULL;"254";"1"
"22043";"3246352";NULL;"256";"1"
"22044";"3246352";NULL;"304";"1"
"22045";"3246352";NULL;"307";"1"
"22046";"3246352";NULL;"308";"1"
"22047";"3246352";NULL;"313";"1"
"22048";"3246352";NULL;"323";"1"
"22049";"3246352";NULL;"326";"1"
"22050";"3246352";NULL;"327";"1"
"22051";"3246352";NULL;"328";"1"
"22052";"3246352";NULL;"330";"1"
"22053";"3246352";NULL;"332";"1"
"22054";"3246352";NULL;"338";"1"
"22055";"3246352";NULL;"339";"1"
"22056";"3246372";NULL;"370";"1"
"22057";"3246372";NULL;"371";"1"
"22058";"3246372";NULL;"376";"1"
"22059";"3246372";NULL;"378";"1"
"22060";"3246372";NULL;"379";"1"
"22061";"3246372";NULL;"386";"1"
"22062";"3246372";NULL;"41";"1"
"22063";"3246372";NULL;"425";"1"
"22064";"3246372";NULL;"426";"1"
"22065";"3246372";NULL;"427";"1"
"22066";"3246372";NULL;"433";"1"
"22067";"3246372";NULL;"434";"1"
"22068";"3246372";NULL;"435";"1"
"22069";"3246372";NULL;"437";"1"
"22070";"3246372";NULL;"449";"1"
"22071";"3246372";NULL;"452";"1"
"22072";"3246372";NULL;"453";"1"
"22073";"3246372";NULL;"456";"1"
"22074";"3246372";NULL;"468";"1"
"22075";"3246372";NULL;"473";"1"
"22076";"3246372";NULL;"474";"1"
"22077";"3246372";NULL;"478";"1"
"22078";"3246372";NULL;"481";"1"
"22079";"3246372";NULL;"482";"1"
"22080";"3246372";NULL;"483";"1"
"22081";"3246372";NULL;"484";"1"
"22082";"3246372";NULL;"485";"1"
"22083";"3246372";NULL;"486";"1"
"22084";"3246372";NULL;"487";"1"
"22085";"3246372";NULL;"497";"1"
"22086";"3246372";NULL;"50";"1"
"22087";"3246372";NULL;"51";"1"
"22088";"3246372";NULL;"526";"1"
"22089";"3246372";NULL;"532";"1"
"22090";"3246372";NULL;"548";"1"
"22091";"3246372";NULL;"555";"1"
"22092";"3246372";NULL;"559";"1"
"22093";"3246372";NULL;"560";"1"
"22094";"3246372";NULL;"561";"1"
"22095";"3246372";NULL;"562";"1"
"22096";"3246372";NULL;"564";"1"
"22097";"3246372";NULL;"565";"1"
"22098";"3246372";NULL;"571";"1"
"22099";"3246372";NULL;"575";"1"
"22100";"3246372";NULL;"584";"1"
"22101";"3246372";NULL;"587";"1"
"22102";"3246372";NULL;"589";"1"
"22103";"3246372";NULL;"590";"1"
"22104";"3246372";NULL;"591";"1"
"22105";"3246372";NULL;"593";"1"
"22106";"3246372";NULL;"601";"1"
"22107";"3246372";NULL;"604";"1"
"22108";"3246372";NULL;"607";"1"
"22109";"3246372";NULL;"608";"1"
"22110";"3246372";NULL;"612";"1"
"22111";"3246372";NULL;"613";"1"
"22112";"3246372";NULL;"614";"1"
"22113";"3246372";NULL;"616";"1"
"22114";"3246372";NULL;"621";"1"
"22115";"3246372";NULL;"627";"1"
"22116";"3246372";NULL;"631";"1"
"22117";"3246372";NULL;"641";"1"
"22118";"3246372";NULL;"642";"1"
"22119";"3246372";NULL;"643";"1"
"22120";"3246372";NULL;"644";"1"
"22121";"3246372";NULL;"645";"1"
"22122";"3246372";NULL;"646";"1"
"22123";"3246372";NULL;"647";"1"
"22124";"3246372";NULL;"648";"1"
"22125";"3246372";NULL;"649";"1"
"22126";"3246372";NULL;"650";"1"
"22127";"3246372";NULL;"651";"1"
"22128";"3246372";NULL;"652";"1"
"22129";"3246372";NULL;"653";"1"
"22130";"3246372";NULL;"654";"1"
"22131";"3246372";NULL;"655";"1"
"22132";"3246372";NULL;"656";"1"
"22133";"3246372";NULL;"657";"1"
"22134";"3246372";NULL;"658";"1"
"22135";"3246372";NULL;"659";"1"
"22136";"3246372";NULL;"660";"1"
"22137";"3246372";NULL;"661";"1"
"22138";"3246372";NULL;"662";"1"
"22139";"3246372";NULL;"663";"1"
"22140";"3246372";NULL;"664";"1"
"22141";"3246372";NULL;"665";"1"
"22142";"3246372";NULL;"666";"1"
"22143";"3246372";NULL;"667";"1"
"22144";"3246372";NULL;"668";"1"
"22145";"3246372";NULL;"669";"1"
"22146";"3246372";NULL;"670";"1"
"22147";"3246372";NULL;"671";"1"
"22148";"3246372";NULL;"672";"1"
"22149";"3246372";NULL;"673";"1"
"22150";"3246372";NULL;"674";"1"
"22151";"3246372";NULL;"675";"1"
"22152";"3246372";NULL;"676";"1"
"22153";"3246372";NULL;"677";"1"
"22154";"3246372";NULL;"678";"1"
"22155";"3246372";NULL;"679";"1"
"22156";"3246372";NULL;"680";"1"
"22157";"3246372";NULL;"681";"1"
"22158";"3246372";NULL;"682";"1"
"22159";"3246372";NULL;"683";"1"
"22160";"3246372";NULL;"684";"1"
"22161";"3246372";NULL;"685";"1"
"22162";"3246372";NULL;"686";"1"
"22163";"3246372";NULL;"687";"1"
"22164";"3246372";NULL;"688";"1"
"22165";"3246372";NULL;"689";"1"
"22166";"3246372";NULL;"690";"1"
"22167";"3246372";NULL;"691";"1"
"22168";"3246372";NULL;"692";"1"
"22169";"3246372";NULL;"693";"1"
"22170";"3246372";NULL;"705";"1"
"22171";"3246372";NULL;"706";"1"
"22172";"3246372";NULL;"707";"1"
"22173";"3246372";NULL;"71";"1"
"22174";"3246372";NULL;"72";"1"
"22175";"3246691";NULL;"482";"1"
"22176";"3247350";NULL;"214";"1"
"22177";"3247350";NULL;"313";"1"
"22178";"3247350";NULL;"326";"1"
"22179";"3247350";NULL;"437";"1"
"22180";"3247350";NULL;"473";"1"
"22181";"3247350";NULL;"542";"1"
"22182";"3247350";NULL;"627";"1"
"22183";"3247350";NULL;"631";"1"
"22184";"3247350";NULL;"641";"1"
"22185";"3247350";NULL;"642";"1"
"22186";"3247350";NULL;"652";"1"
"22187";"3247350";NULL;"656";"1"
"22188";"3247350";NULL;"657";"1"
"22189";"3247350";NULL;"659";"1"
"22190";"3247350";NULL;"660";"1"
"22191";"3247350";NULL;"662";"1"
"22192";"3247350";NULL;"663";"1"
"22193";"3247350";NULL;"665";"1"
"22194";"3247350";NULL;"666";"1"
"22195";"3247350";NULL;"667";"1"
"22196";"3247350";NULL;"668";"1"
"22197";"3247350";NULL;"669";"1"
"22198";"3247350";NULL;"670";"1"
"22199";"3247350";NULL;"671";"1"
"22200";"3247350";NULL;"672";"1"
"22201";"3247350";NULL;"673";"1"
"22202";"3247350";NULL;"674";"1"
"22203";"3247350";NULL;"675";"1"
"22204";"3247350";NULL;"676";"1"
"22205";"3247350";NULL;"677";"1"
"22206";"3247350";NULL;"678";"1"
"22207";"3247350";NULL;"679";"1"
"22208";"3247350";NULL;"680";"1"
"22209";"3247350";NULL;"681";"1"
"22210";"3247350";NULL;"682";"1"
"22211";"3247350";NULL;"683";"1"
"22212";"3247350";NULL;"684";"1"
"22213";"3247350";NULL;"685";"1"
"22214";"3247350";NULL;"686";"1"
"22215";"3247350";NULL;"687";"1"
"22216";"3247350";NULL;"688";"1"
"22217";"3247350";NULL;"689";"1"
"22218";"3247350";NULL;"690";"1"
"22219";"3247350";NULL;"691";"1"
"22220";"3247350";NULL;"692";"1"
"22221";"3247350";NULL;"693";"1"
"22222";"3248374";NULL;"447";"1"
"22223";"3248830";NULL;"612";"1"
"22224";"3250353";NULL;"36";"1"
"22225";"3250353";NULL;"552";"1"
"22226";"3250353";NULL;"551";"1"
"22227";"3250353";NULL;"550";"1"
"22228";"3250353";NULL;"549";"1"
"22229";"3250353";NULL;"538";"1"
"22230";"3250353";NULL;"537";"1"
"22231";"3250353";NULL;"364";"1"
"22232";"3250353";NULL;"276";"1"
"22233";"3250353";NULL;"57";"1"
"22234";"3250353";NULL;"56";"1"
"22235";"3250353";NULL;"53";"1"
"22236";"3250353";NULL;"277";"1"
"22237";"3250353";NULL;"278";"1"
"22238";"3250353";NULL;"283";"1"
"22239";"3250353";NULL;"54";"1"
"22240";"3250353";NULL;"55";"1"
"22242";"3253916";NULL;"673";"1"
"22243";"3254159";NULL;"590";"1"
"22244";"3254159";NULL;"613";"1"
"22245";"3254159";NULL;"666";"1"
"22246";"3254159";NULL;"672";"1"
"22247";"3254159";NULL;"673";"1"
"22248";"3254159";NULL;"589";"1"
"22249";"3254925";NULL;"36";"1"
"22250";"3254925";NULL;"552";"1"
"22251";"3254925";NULL;"551";"1"
"22252";"3254925";NULL;"550";"1"
"22253";"3254925";NULL;"549";"1"
"22254";"3254925";NULL;"538";"1"
"22255";"3254925";NULL;"537";"1"
"22256";"3254925";NULL;"364";"1"
"22257";"3254925";NULL;"276";"1"
"22258";"3254925";NULL;"57";"1"
"22259";"3254925";NULL;"56";"1"
"22260";"3254925";NULL;"53";"1"
"22261";"3254925";NULL;"277";"1"
"22262";"3254925";NULL;"278";"1"
"22263";"3254925";NULL;"283";"1"
"22264";"3254925";NULL;"54";"1"
"22265";"3254925";NULL;"55";"1"
"22266";"3255341";NULL;"307";"1"
"22267";"3255453";NULL;"482";"1"
"22268";"3255454";NULL;"50";"1"
"22269";"3255453";NULL;"50";"1"
"22270";"3255453";NULL;"304";"1"
"22271";"3255454";NULL;"256";"1"
"22272";"3255454";NULL;"304";"1"
"22273";"3255453";NULL;"478";"1"
"22274";"3255453";NULL;"571";"1"
"22275";"3255454";NULL;"308";"1"
"22276";"3255454";NULL;"478";"1"
"22277";"3255454";NULL;"571";"1"
